
<!DOCTYPE tiles-definitions PUBLIC "-//Apache Software Foundation//DTD Tiles Configuration 3.0//EN" "http://tiles.apache.org/dtds/tiles-config_3_0.dtd">

<tiles-definitions>
	<definition name="base" template="/WEB-INF/views/tiles-layout/user_layout.jsp">
		<put-attribute name="header" value="/WEB-INF/views/header/header.jsp" />
		<put-attribute name="body" value="" />
		<put-attribute name="footer" value="/WEB-INF/views/footer/footer.jsp" />
	</definition>
	
	<definition name="root" extends="base">
		<put-attribute name="body" value="/WEB-INF/views/client/index.jsp" />
	</definition>
	
	<definition name="client/*/*" extends="base">
		<put-attribute name="body" value="/WEB-INF/views/client/{1}/{2}.jsp" />
	</definition>
	
	
	<definition name="admin" template="/WEB-INF/views/tiles-layout/admin_layout.jsp">
		<put-attribute name="header" value="/WEB-INF/views/header/admin_header.jsp" />
		<put-attribute name="body" value="/WEB-INF/views/admin/adminHome.jsp" />
		<put-attribute name="footer" value="/WEB-INF/views/footer/admin_footer.jsp" />
	</definition>
	
	<definition name="admin/index" extends="admin">
		<put-attribute name="body" value="/WEB-INF/views/admin/index.jsp" />
	</definition>
	
	<definition name="admin/*/*" extends="admin">
		<put-attribute name="body" value="/WEB-INF/views/admin/{1}/{2}.jsp" />
	</definition>
	
</tiles-definitions>