<?xml version="1.0" encoding="UTF-8"?>
<beans:beans xmlns:beans="http://www.springframework.org/schema/beans" 
			xmlns="http://www.springframework.org/schema/mvc" 
			xmlns:context="http://www.springframework.org/schema/context" 
			xmlns:xsi="http://www.w3.org/2001/XMLSchema-instance" 
			xmlns:mvc="http://www.springframework.org/schema/mvc"
			xmlns:p="http://www.springframework.org/schema/p" 
			xsi:schemaLocation="http://www.springframework.org/schema/beans 
			http://www.springframework.org/schema/beans/spring-beans-3.0.xsd 
			http://www.springframework.org/schema/mvc 
			http://www.springframework.org/schema/mvc/spring-mvc.xsd 
			http://www.springframework.org/schema/context 
			http://www.springframework.org/schema/context/spring-context-3.0.xsd">
	<!-- DispatcherServlet Context: defines this servlet's request-processing infrastructure -->
	<context:component-scan base-package="com.sinnotech.hotel" />
	
	<!-- Enables the Spring MVC @Controller programming model -->
	<annotation-driven />
	
	<beans:bean class="org.springframework.web.servlet.view.UrlBasedViewResolver">
		<beans:property name="viewClass" value="org.springframework.web.servlet.view.tiles3.TilesView" />
		<beans:property name="order" value="1" />
	</beans:bean>
	
	<beans:bean class="org.springframework.web.servlet.view.tiles3.TilesConfigurer">
		<beans:property name="definitions">
			<beans:list>
				<beans:value>/WEB-INF/tiles/tiles-config.xml</beans:value>
			</beans:list>
		</beans:property>
	</beans:bean>

	<!-- Handles HTTP GET requests for /resources/** by efficiently serving up static resources in the ${webappRoot}/resources directory -->
	<resources mapping="/resources/**" location="/resources/" />

	<!-- Resolves views selected for rendering by @Controllers to .jsp resources in the /WEB-INF/views directory -->
	<beans:bean id="viewResolver" class="org.springframework.web.servlet.view.InternalResourceViewResolver">  
		<beans:property name="prefix" value="/WEB-INF/views/" /> 
		<beans:property name="suffix" value=".jsp" />
		<beans:property name="order" value="2" />		 
	</beans:bean>
	
	
	
	
	
</beans:beans>
